Exp Info,C=4.0_gamma=3.75,C=1.0_gamma=3.75,C=4.0_gamma=3.25,C=16.0_gamma=0.25,C=16.0_gamma=3.5,C=4.0_gamma=1.0,C=1.0_gamma=4.0,C=1.0_gamma=1.5,C=16.0_gamma=1.0,C=16.0_gamma=4.0,C=1.0_gamma=0.75,C=4.0_gamma=1.5,C=1.0_gamma=0.0025,C=4.0_gamma=3.5,C=1.0_gamma=2.75,C=1.0_gamma=3.0,C=16.0_gamma=1.75,C=16.0_gamma=2.75,C=16.0_gamma=2.5,C=1.0_gamma=1.25,C=1.0_gamma=0.005,C=4.0_gamma=2.25,C=4.0_gamma=1.75,C=4.0_gamma=2.0,C=16.0_gamma=1.25,C=4.0_gamma=3.0,C=1.0_gamma=1.75,C=1.0_gamma=0.25,C=1.0_gamma=0.15,C=1.0_gamma=0.1,C=4.0_gamma=0.75,C=16.0_gamma=2.25,C=4.0_gamma=2.5,C=16.0_gamma=3.75,C=16.0_gamma=2.0,C=4.0_gamma=2.75,C=16.0_gamma=0.5,C=4.0_gamma=1.25,C=16.0_gamma=3.0,C=1.0_gamma=2.0,C=1.0_gamma=2.5,C=1.0_gamma=3.5,C=1.0_gamma=2.25,C=4.0_gamma=4.0,C=1.0_gamma=1.0,C=16.0_gamma=3.25,C=16.0_gamma=1.5,C=4.0_gamma=0.25,C=1.0_gamma=0.05,C=1.0_gamma=0.2,C=16.0_gamma=0.75,C=4.0_gamma=0.5,C=1.0_gamma=3.25,C=1.0_gamma=0.5,
0,9.42819729376,9.42819729376,9.42819729376,90.5718027062,9.42819729376,90.5718027062,9.42819729376,90.5718027062,9.42819729376,9.42819729376,90.5718027062,9.42819729376,90.5718027062,9.42819729376,24.8363160192,9.42819729376,9.42819729376,9.42819729376,9.42819729376,90.5718027062,90.5718027062,9.42819729376,9.42819729376,9.42819729376,9.42819729376,9.42819729376,90.5718027062,90.5718027062,90.5718027062,90.5718027062,90.5718027062,9.42819729376,9.42819729376,9.42819729376,9.42819729376,9.42819729376,90.5718027062,90.5718027062,9.42819729376,90.5718027062,90.5718027062,9.42819729376,90.5718027062,9.42819729376,90.5718027062,9.42819729376,9.42819729376,90.5718027062,90.5718027062,90.5718027062,9.42819729376,90.5718027062,9.42819729376,90.5718027062
1,10.2138804016,10.2138804016,10.2138804016,89.7861195984,10.2138804016,89.7861195984,10.2138804016,89.7861195984,10.2138804016,10.2138804016,89.7861195984,11.4797031864,89.7861195984,10.2138804016,66.4775207333,10.650371017,10.2138804016,10.2138804016,10.2138804016,89.7861195984,89.7861195984,10.2138804016,10.2138804016,10.2138804016,10.2138804016,10.2138804016,89.7861195984,89.7861195984,89.7861195984,89.7861195984,89.7861195984,10.2138804016,10.2138804016,10.2138804016,10.2138804016,10.2138804016,89.7861195984,89.7861195984,10.2138804016,89.7861195984,89.7861195984,10.2138804016,89.7861195984,10.2138804016,89.7861195984,10.2138804016,10.2138804016,89.7861195984,89.7861195984,89.7861195984,11.0432125709,89.7861195984,10.2138804016,89.7861195984
2,9.55914447839,9.55914447839,9.55914447839,90.4408555216,9.55914447839,90.4408555216,9.55914447839,90.4408555216,9.55914447839,9.55914447839,90.4408555216,25.7965953732,90.4408555216,9.55914447839,68.3107813182,19.4238323876,9.55914447839,9.55914447839,9.55914447839,90.4408555216,90.4408555216,9.55914447839,10.9559144478,9.55914447839,9.55914447839,9.55914447839,90.4408555216,90.4408555216,90.4408555216,90.4408555216,90.4408555216,9.55914447839,9.55914447839,9.55914447839,9.55914447839,9.55914447839,90.4408555216,90.0916630292,9.55914447839,90.4408555216,89.82976866,9.73374072457,90.4408555216,9.55914447839,90.4408555216,9.55914447839,9.55914447839,90.4408555216,90.4408555216,90.4408555216,20.5587079878,90.4408555216,11.0868616325,90.4408555216
3,12.090790048,18.4199039721,13.051069402,89.6551724138,11.2614578787,87.4727193365,16.8048886949,89.6551724138,19.1619380183,11.5233522479,89.6551724138,32.6931470973,89.6551724138,12.6145787866,48.4068092536,31.7328677433,14.4478393715,11.8288956787,12.4836316019,89.6551724138,89.6551724138,16.4556962025,22.8721082497,18.8563945875,16.0192055871,13.3566128328,89.6551724138,89.6551724138,89.6551724138,89.6551724138,89.6115233522,12.4399825404,15.451767787,11.3487560017,13.7494543867,14.1859450022,85.2902662593,76.3422086425,11.610650371,88.389349629,75.7747708424,21.2570929725,85.6394587516,11.7415975557,89.6551724138,11.4360541248,15.0589262331,89.6551724138,89.6551724138,89.6551724138,33.1296377128,89.6551724138,24.3998254038,89.6551724138
4,9.55914447839,10.17023134,9.55914447839,90.4408555216,9.55914447839,90.2662592754,9.77738978612,90.4408555216,10.17023134,9.55914447839,90.4408555216,15.6700130947,90.4408555216,9.55914447839,35.0065473592,15.3644696639,9.55914447839,9.55914447839,9.55914447839,90.4408555216,90.4408555216,9.69009166303,11.130510694,10.0829332169,9.69009166303,9.55914447839,90.4408555216,90.4408555216,90.4408555216,90.4408555216,90.4408555216,9.55914447839,9.60279353994,9.55914447839,9.55914447839,9.55914447839,90.4845045832,91.0519423832,9.55914447839,90.4408555216,90.9646442601,10.7376691401,91.750327368,9.55914447839,90.4408555216,9.55914447839,9.55914447839,90.4408555216,90.4408555216,90.4408555216,16.2810999564,90.4408555216,11.8288956787,90.4408555216
5,9.34089917067,9.64644260148,9.34089917067,90.6591008293,9.34089917067,90.8336970755,9.38454823221,90.6591008293,9.64644260148,9.34089917067,90.6591008293,12.0471409865,90.6591008293,9.34089917067,23.0030554343,12.0034919249,9.34089917067,9.34089917067,9.34089917067,90.6591008293,90.6591008293,9.38454823221,9.90833697076,9.60279353994,9.38454823221,9.34089917067,90.6591008293,90.6591008293,90.6591008293,90.6591008293,90.6591008293,9.34089917067,9.34089917067,9.34089917067,9.34089917067,9.34089917067,91.1828895679,91.6193801833,9.34089917067,90.6591008293,91.4884329987,9.90833697076,91.7066783064,9.34089917067,90.6591008293,9.34089917067,9.34089917067,90.6591008293,90.6591008293,90.6591008293,12.5272806635,90.6591008293,10.17023134,90.6591008293
6,12.6582278481,23.5268441729,14.0986468791,89.9607158446,11.4797031864,85.2466171977,20.5150589262,89.9607158446,24.2688782191,11.610650371,89.9607158446,39.0222610214,89.9607158446,13.4002618944,51.5931907464,37.712789175,16.6302924487,12.3963334788,13.2693147097,89.9607158446,89.9607158446,19.8166739415,29.8123090354,24.0942819729,19.3365342645,14.3605412484,89.9170667831,89.9607158446,89.9607158446,89.9607158446,89.8734177215,13.4002618944,17.9397642951,11.3924050633,15.0152771715,15.7136621563,79.3539938891,66.7394151026,11.9161938018,88.0401571366,67.0449585334,27.1933653426,78.6119598429,12.090790048,89.9607158446,11.6542994326,17.4596246181,89.9607158446,89.9607158446,89.9607158446,38.6294194675,89.9607158446,31.383675251,89.9607158446
7,10.2138804016,10.2138804016,10.2138804016,89.7861195984,10.2138804016,89.7861195984,10.2138804016,89.7861195984,10.2138804016,10.2138804016,89.7861195984,11.610650371,89.7861195984,10.2138804016,33.6534264513,11.7852466172,10.2138804016,10.2138804016,10.2138804016,89.7861195984,89.7861195984,10.2138804016,10.2138804016,10.2138804016,10.2138804016,10.2138804016,89.7861195984,89.7861195984,89.7861195984,89.7861195984,89.7861195984,10.2138804016,10.2138804016,10.2138804016,10.2138804016,10.2138804016,90.0916630292,93.3216935836,10.2138804016,89.7861195984,93.1470973374,10.2138804016,91.9249236141,10.2138804016,89.7861195984,10.2138804016,10.2138804016,89.7861195984,89.7861195984,89.7861195984,12.3090353557,89.7861195984,10.2138804016,89.7861195984
8,10.1265822785,10.3448275862,10.1265822785,89.8734177215,10.1265822785,89.9170667831,10.1265822785,89.8734177215,10.3448275862,10.1265822785,89.8734177215,12.3526844173,89.8734177215,10.1265822785,23.0030554343,12.2653862942,10.1265822785,10.1265822785,10.1265822785,89.8734177215,89.8734177215,10.1265822785,10.6067219555,10.2138804016,10.1265822785,10.1265822785,89.8734177215,89.8734177215,89.8734177215,89.8734177215,89.8734177215,10.1265822785,10.1265822785,10.1265822785,10.1265822785,10.1265822785,90.7027498909,91.2265386294,10.1265822785,89.8734177215,91.3574858141,10.650371017,91.0955914448,10.1265822785,89.8734177215,10.1265822785,10.1265822785,89.8734177215,89.8734177215,89.8734177215,12.7018769096,89.8734177215,11.0432125709,89.8734177215
9,12.3526844173,20.6460061109,13.4002618944,89.6988214753,11.3487560017,85.9450021825,18.0707114797,89.6988214753,21.213443911,11.7852466172,89.6988214753,35.31209079,89.6988214753,13.0947184636,50.4583151462,34.0026189437,15.1898734177,12.2217372326,12.8764731558,89.6988214753,89.6988214753,17.4159755565,25.621999127,20.733304234,16.892186818,13.6621562636,89.6551724138,89.6988214753,89.6988214753,89.6988214753,89.5678742907,12.9637712789,16.3247490179,11.3924050633,14.011348756,14.7533828023,81.8419903972,71.6281099956,12.0034919249,88.2147533828,71.1043212571,23.0903535574,81.0563072894,12.0471409865,89.6988214753,11.6979484941,16.0192055871,89.6988214753,89.6988214753,89.6988214753,34.9628982977,89.6988214753,26.4949803579,89.6988214753
10,9.86468790921,9.86468790921,9.86468790921,90.1353120908,9.86468790921,90.1353120908,9.86468790921,90.1353120908,9.86468790921,9.86468790921,90.1353120908,10.4321257093,90.1353120908,9.86468790921,26.8005237887,10.4321257093,9.86468790921,9.86468790921,9.86468790921,90.1353120908,90.1353120908,9.86468790921,9.86468790921,9.86468790921,9.86468790921,9.86468790921,90.1353120908,90.1353120908,90.1353120908,90.1353120908,90.1353120908,9.86468790921,9.86468790921,9.86468790921,9.86468790921,9.86468790921,90.2226102139,92.7542557835,9.86468790921,90.1353120908,92.7542557835,9.86468790921,91.1392405063,9.86468790921,90.1353120908,9.86468790921,9.86468790921,90.1353120908,90.1353120908,90.1353120908,10.8686163247,90.1353120908,9.86468790921,90.1353120908
11,9.51549541685,9.51549541685,9.51549541685,90.4845045832,9.51549541685,90.4845045832,9.51549541685,90.4845045832,9.51549541685,9.51549541685,90.4845045832,9.86468790921,90.4845045832,9.51549541685,27.0187690965,9.82103884766,9.51549541685,9.51549541685,9.51549541685,90.4845045832,90.4845045832,9.51549541685,9.51549541685,9.51549541685,9.51549541685,9.51549541685,90.4845045832,90.4845045832,90.4845045832,90.4845045832,90.4845045832,9.51549541685,9.51549541685,9.51549541685,9.51549541685,9.51549541685,90.6591008293,93.3653426451,9.51549541685,90.4845045832,93.3216935836,9.51549541685,92.1431689219,9.51549541685,90.4845045832,9.51549541685,9.51549541685,90.4845045832,90.4845045832,90.4845045832,10.3448275862,90.4845045832,9.55914447839,90.4845045832
12,9.25360104758,9.25360104758,9.25360104758,90.7463989524,9.25360104758,90.7463989524,9.25360104758,90.7463989524,9.25360104758,9.25360104758,90.7463989524,9.60279353994,90.7463989524,9.25360104758,29.8123090354,9.55914447839,9.25360104758,9.25360104758,9.25360104758,90.7463989524,90.7463989524,9.25360104758,9.25360104758,9.25360104758,9.25360104758,9.25360104758,90.7463989524,90.7463989524,90.7463989524,90.7463989524,90.7463989524,9.25360104758,9.25360104758,9.25360104758,9.25360104758,9.25360104758,90.7463989524,94.0637276299,9.25360104758,90.7463989524,93.8018332606,9.25360104758,92.230467045,9.25360104758,90.7463989524,9.25360104758,9.25360104758,90.7463989524,90.7463989524,90.7463989524,10.1265822785,90.7463989524,9.25360104758,90.7463989524
13,9.42819729376,16.4556962025,9.64644260148,90.6591008293,9.34089917067,88.5639458752,13.7494543867,90.6591008293,17.2413793103,9.34089917067,90.6591008293,28.8520296814,90.6591008293,9.55914447839,45.1767786993,28.1099956351,10.0829332169,9.34089917067,9.4718463553,90.6591008293,90.6591008293,13.051069402,20.2095154954,16.6302924487,12.6582278481,9.77738978612,90.6591008293,90.6591008293,90.6591008293,90.6591008293,90.6591008293,9.4718463553,11.5670013095,9.34089917067,9.86468790921,9.9519860323,86.468790921,79.3976429507,9.34089917067,89.7424705369,79.9650807508,19.2055870799,86.468790921,9.38454823221,90.6591008293,9.34089917067,11.130510694,90.6591008293,90.6591008293,90.6591008293,29.2448712353,90.6591008293,21.780881711,90.6591008293
14,9.77738978612,9.77738978612,9.77738978612,90.2226102139,9.77738978612,90.309908337,9.77738978612,90.2226102139,9.82103884766,9.77738978612,90.2226102139,13.0947184636,90.2226102139,9.77738978612,31.9511130511,13.0074203405,9.77738978612,9.77738978612,9.77738978612,90.2226102139,90.2226102139,9.77738978612,9.90833697076,9.77738978612,9.77738978612,9.77738978612,90.2226102139,90.2226102139,90.2226102139,90.2226102139,90.2226102139,9.77738978612,9.77738978612,9.77738978612,9.77738978612,9.77738978612,90.8773461371,93.4526407682,9.77738978612,90.2662592754,93.8891313837,9.86468790921,92.3614142296,9.77738978612,90.2226102139,9.77738978612,9.77738978612,90.2226102139,90.2226102139,90.2226102139,13.7931034483,90.2226102139,10.0829332169,90.2226102139
15,9.29725010912,9.29725010912,9.29725010912,90.7027498909,9.29725010912,90.7027498909,9.29725010912,90.7027498909,9.29725010912,9.29725010912,90.7027498909,10.1265822785,90.7027498909,9.29725010912,26.6695766041,9.99563509385,9.29725010912,9.29725010912,9.29725010912,90.7027498909,90.7027498909,9.29725010912,9.29725010912,9.29725010912,9.29725010912,9.29725010912,90.7027498909,90.7027498909,90.7027498909,90.7027498909,90.7027498909,9.29725010912,9.29725010912,9.29725010912,9.29725010912,9.29725010912,90.8336970755,94.238323876,9.29725010912,90.7027498909,93.8891313837,9.29725010912,92.5360104758,9.29725010912,90.7027498909,9.29725010912,9.29725010912,90.7027498909,90.7027498909,90.7027498909,10.6940200786,90.7027498909,9.29725010912,90.7027498909
16,9.0790048014,9.0790048014,9.0790048014,90.9209951986,9.0790048014,90.9209951986,9.0790048014,90.9209951986,9.0790048014,9.0790048014,90.9209951986,9.0790048014,90.9209951986,9.0790048014,46.2243561763,9.0790048014,9.0790048014,9.0790048014,9.0790048014,90.9209951986,90.9209951986,9.0790048014,9.0790048014,9.0790048014,9.0790048014,9.0790048014,90.9209951986,90.9209951986,90.9209951986,90.9209951986,90.9209951986,9.0790048014,9.0790048014,9.0790048014,9.0790048014,9.0790048014,90.9209951986,90.9209951986,9.0790048014,90.9209951986,90.9646442601,9.0790048014,90.9209951986,9.0790048014,90.9209951986,9.0790048014,9.0790048014,90.9209951986,90.9209951986,90.9209951986,9.0790048014,90.9209951986,9.0790048014,90.9209951986
17,10.4321257093,10.4321257093,10.4321257093,89.5678742907,10.4321257093,89.5678742907,10.4321257093,89.5678742907,10.4321257093,10.4321257093,89.5678742907,10.4321257093,89.5678742907,10.4321257093,58.446093409,10.4321257093,10.4321257093,10.4321257093,10.4321257093,89.5678742907,89.5678742907,10.4321257093,10.4321257093,10.4321257093,10.4321257093,10.4321257093,89.5678742907,89.5678742907,89.5678742907,89.5678742907,89.5678742907,10.4321257093,10.4321257093,10.4321257093,10.4321257093,10.4321257093,89.5678742907,89.5678742907,10.4321257093,89.5678742907,89.5678742907,10.4321257093,89.5678742907,10.4321257093,89.5678742907,10.4321257093,10.4321257093,89.5678742907,89.5678742907,89.5678742907,10.4321257093,89.5678742907,10.4321257093,89.5678742907
18,10.5630728939,10.5630728939,10.5630728939,89.4369271061,10.5630728939,89.4369271061,10.5630728939,89.4369271061,10.5630728939,10.5630728939,89.4369271061,10.5630728939,89.4369271061,10.5630728939,27.5862068966,10.5630728939,10.5630728939,10.5630728939,10.5630728939,89.4369271061,89.4369271061,10.5630728939,10.5630728939,10.5630728939,10.5630728939,10.5630728939,89.4369271061,89.4369271061,89.4369271061,89.4369271061,89.4369271061,10.5630728939,10.5630728939,10.5630728939,10.5630728939,10.5630728939,89.4369271061,89.4369271061,10.5630728939,89.4369271061,89.4369271061,10.5630728939,89.4369271061,10.5630728939,89.4369271061,10.5630728939,10.5630728939,89.4369271061,89.4369271061,89.4369271061,10.5630728939,89.4369271061,10.5630728939,89.4369271061
19,8.64251418595,8.64251418595,8.64251418595,91.3574858141,8.64251418595,91.3574858141,8.64251418595,91.3574858141,8.64251418595,8.64251418595,91.3574858141,8.64251418595,91.3574858141,8.64251418595,8.81711043213,8.64251418595,8.64251418595,8.64251418595,8.64251418595,91.3574858141,91.3574858141,8.64251418595,8.64251418595,8.64251418595,8.64251418595,8.64251418595,91.3574858141,91.3574858141,91.3574858141,91.3574858141,91.3574858141,8.64251418595,8.64251418595,8.64251418595,8.64251418595,8.64251418595,91.3574858141,91.3574858141,8.64251418595,91.3574858141,91.3574858141,8.64251418595,91.3574858141,8.64251418595,91.3574858141,8.64251418595,8.64251418595,91.3574858141,91.3574858141,91.3574858141,8.64251418595,91.3574858141,8.64251418595,91.3574858141
20,8.99170667831,8.99170667831,8.99170667831,91.0082933217,8.99170667831,91.0082933217,8.99170667831,91.0082933217,8.99170667831,8.99170667831,91.0082933217,9.38454823221,91.0082933217,8.99170667831,49.7162811,9.0790048014,8.99170667831,8.99170667831,8.99170667831,91.0082933217,91.0082933217,8.99170667831,8.99170667831,8.99170667831,8.99170667831,8.99170667831,91.0082933217,91.0082933217,91.0082933217,91.0082933217,91.0082933217,8.99170667831,8.99170667831,8.99170667831,8.99170667831,8.99170667831,91.0082933217,91.0082933217,8.99170667831,91.0082933217,91.0082933217,8.99170667831,91.0082933217,8.99170667831,91.0082933217,8.99170667831,8.99170667831,91.0082933217,91.0082933217,91.0082933217,9.16630292449,91.0082933217,8.99170667831,91.0082933217
21,9.99563509385,9.99563509385,9.99563509385,90.0043649062,9.99563509385,90.0043649062,9.99563509385,90.0043649062,10.0392841554,9.99563509385,90.0043649062,20.4277608031,90.0043649062,9.99563509385,72.9812309035,17.4159755565,9.99563509385,9.99563509385,9.99563509385,90.0043649062,90.0043649062,9.99563509385,11.4797031864,10.0392841554,9.99563509385,9.99563509385,90.0043649062,90.0043649062,90.0043649062,90.0043649062,90.0043649062,9.99563509385,9.99563509385,9.99563509385,9.99563509385,9.99563509385,90.0043649062,89.82976866,9.99563509385,90.0043649062,89.6988214753,10.17023134,90.0043649062,9.99563509385,90.0043649062,9.99563509385,9.99563509385,90.0043649062,90.0043649062,90.0043649062,18.332605849,90.0043649062,11.6542994326,90.0043649062
22,10.0829332169,10.7813182017,10.0829332169,89.9170667831,10.0829332169,89.8734177215,10.3884766478,89.9170667831,10.7813182017,10.0829332169,89.9170667831,26.2330859887,89.9170667831,10.0829332169,55.4343081624,20.5587079878,10.1265822785,10.0829332169,10.0829332169,89.9170667831,89.9170667831,10.2575294631,11.4797031864,10.7813182017,10.2138804016,10.0829332169,89.9170667831,89.9170667831,89.9170667831,89.9170667831,89.9170667831,10.0829332169,10.17023134,10.0829332169,10.0829332169,10.1265822785,90.0043649062,91.750327368,10.0829332169,89.9170667831,91.5757311218,10.9995635094,90.8336970755,10.0829332169,89.9170667831,10.0829332169,10.1265822785,89.9170667831,89.9170667831,89.9170667831,23.0903535574,89.9170667831,12.0034919249,89.9170667831
23,12.9201222174,22.9594063728,14.3168921868,90.0043649062,11.7415975557,85.3339153208,19.9912701877,90.0043649062,23.9196857268,11.9598428634,90.0043649062,41.4229594064,90.0043649062,13.6621562636,52.1606285465,40.4626800524,16.1938018333,12.6582278481,13.4002618944,90.0043649062,90.0043649062,19.5547795722,30.4670449585,23.701440419,19.0746398952,14.7533828023,89.9607158446,90.0043649062,90.0043649062,90.0043649062,89.9170667831,13.4439109559,17.9397642951,11.7852466172,15.0152771715,15.7573112178,79.9214316892,68.136185072,12.1344391096,87.9965080751,68.5290266259,26.8005237887,79.0484504583,12.3090353557,90.0043649062,11.9161938018,17.1540811873,90.0043649062,90.0043649062,90.0043649062,41.0301178525,90.0043649062,31.7328677433,90.0043649062
24,9.9519860323,10.17023134,9.9519860323,90.0480139677,9.9519860323,90.0480139677,10.0829332169,90.0480139677,10.2138804016,9.9519860323,90.0480139677,13.3566128328,90.0480139677,9.9519860323,34.264513313,13.4002618944,9.99563509385,9.9519860323,9.9519860323,90.0480139677,90.0480139677,10.0392841554,10.3011785247,10.17023134,10.0392841554,9.9519860323,90.0480139677,90.0480139677,90.0480139677,90.0480139677,90.0480139677,9.9519860323,10.0392841554,9.9519860323,9.9519860323,9.9519860323,90.3535573985,93.2343954605,9.9519860323,90.0480139677,93.2343954605,10.2138804016,91.9249236141,9.9519860323,90.0480139677,9.9519860323,10.0392841554,90.0480139677,90.0480139677,90.0480139677,14.1422959406,90.0480139677,10.6067219555,90.0480139677
25,9.99563509385,9.99563509385,9.99563509385,90.0043649062,9.99563509385,90.0480139677,9.99563509385,90.0043649062,9.99563509385,9.99563509385,90.0043649062,11.0432125709,90.0043649062,9.99563509385,35.1811436054,10.9995635094,9.99563509385,9.99563509385,9.99563509385,90.0043649062,90.0043649062,9.99563509385,9.99563509385,9.99563509385,9.99563509385,9.99563509385,90.0043649062,90.0043649062,90.0043649062,90.0043649062,90.0043649062,9.99563509385,9.99563509385,9.99563509385,9.99563509385,9.99563509385,90.2226102139,94.5002182453,9.99563509385,90.0043649062,94.3692710607,9.99563509385,92.797904845,9.99563509385,90.0043649062,9.99563509385,9.99563509385,90.0043649062,90.0043649062,90.0043649062,11.8725447403,90.0043649062,9.99563509385,90.0043649062
26,9.99563509385,9.99563509385,9.99563509385,90.0043649062,9.99563509385,90.0043649062,9.99563509385,90.0043649062,9.99563509385,9.99563509385,90.0043649062,10.9995635094,90.0043649062,9.99563509385,30.8598865124,11.0432125709,9.99563509385,9.99563509385,9.99563509385,90.0043649062,90.0043649062,9.99563509385,9.99563509385,9.99563509385,9.99563509385,9.99563509385,90.0043649062,90.0043649062,90.0043649062,90.0043649062,90.0043649062,9.99563509385,9.99563509385,9.99563509385,9.99563509385,9.99563509385,90.2662592754,94.1073766914,9.99563509385,90.0043649062,94.1073766914,9.99563509385,92.0995198603,9.99563509385,90.0043649062,9.99563509385,9.99563509385,90.0043649062,90.0043649062,90.0043649062,11.7852466172,90.0043649062,9.99563509385,90.0043649062
27,10.0392841554,10.17023134,10.0392841554,89.9607158446,10.0392841554,90.0480139677,10.0392841554,89.9607158446,10.17023134,10.0392841554,89.9607158446,12.4836316019,89.9607158446,10.0392841554,26.2767350502,12.5272806635,10.0392841554,10.0392841554,10.0392841554,89.9607158446,89.9607158446,10.0392841554,10.4757747708,10.1265822785,10.0392841554,10.0392841554,89.9607158446,89.9607158446,89.9607158446,89.9607158446,89.9607158446,10.0392841554,10.0392841554,10.0392841554,10.0392841554,10.0392841554,90.3535573985,91.9249236141,10.0392841554,89.9607158446,92.0995198603,10.3884766478,91.0082933217,10.0392841554,89.9607158446,10.0392841554,10.0392841554,89.9607158446,89.9607158446,89.9607158446,13.0074203405,89.9607158446,10.8686163247,89.9607158446
28,10.0392841554,13.1820165866,10.2138804016,89.9607158446,10.0392841554,89.3932780445,12.1344391096,89.9607158446,13.3566128328,10.0392841554,89.9607158446,23.1340026189,89.9607158446,10.17023134,44.3037974684,23.3522479267,10.4321257093,10.0392841554,10.0392841554,89.9607158446,89.9607158446,11.8725447403,15.0152771715,13.2256656482,11.6979484941,10.2575294631,89.9607158446,89.9607158446,89.9607158446,89.9607158446,89.9607158446,10.0392841554,10.9559144478,10.0392841554,10.3011785247,10.3448275862,88.4766477521,86.8616324749,10.0392841554,89.7861195984,87.2544740288,14.011348756,90.0043649062,10.0392841554,89.9607158446,10.0392841554,10.8686163247,89.9607158446,89.9607158446,89.9607158446,24.2688782191,89.9607158446,15.7573112178,89.9607158446
29,10.5194238324,15.3644696639,10.9122653863,90.0043649062,10.2575294631,88.7821911829,13.7494543867,90.0043649062,15.8446093409,10.3448275862,90.0043649062,24.9672632038,90.0043649062,10.6067219555,37.7564382366,25.4474028808,11.3487560017,10.3884766478,10.5194238324,90.0043649062,90.0043649062,13.531209079,18.5508511567,15.4081187254,13.1383675251,11.0432125709,90.0043649062,90.0043649062,90.0043649062,90.0043649062,90.0043649062,10.5630728939,12.3526844173,10.3011785247,10.9995635094,11.1741597556,87.3417721519,83.1951113051,10.3884766478,89.3932780445,83.587952859,17.4159755565,87.909209952,10.4757747708,90.0043649062,10.3011785247,12.0471409865,90.0043649062,90.0043649062,90.0043649062,25.2728066347,90.0043649062,19.6420776953,90.0043649062
30,11.8725447403,18.7254474029,12.7455259712,90.0480139677,11.130510694,86.6870362287,16.7612396333,90.0480139677,19.2055870799,11.2178088171,90.0480139677,31.5146224356,90.0480139677,12.570929725,45.7005674378,30.6852902663,14.2732431253,11.7415975557,12.3963334788,90.0480139677,90.0480139677,16.0628546486,23.1776516805,18.9000436491,15.8882584024,12.8764731558,89.9607158446,90.0480139677,90.0480139677,90.0480139677,89.9170667831,12.3963334788,15.2335224793,11.0432125709,13.4875600175,13.7058053252,81.4491488433,71.1479703186,11.4360541248,88.6512439983,72.2828459188,20.9951986032,80.8817110432,11.4797031864,90.0480139677,11.2178088171,14.97162811,90.0480139677,90.0480139677,90.0480139677,31.3400261894,90.0480139677,24.5744216499,90.0480139677
31,10.0392841554,10.0392841554,10.0392841554,89.9607158446,10.0392841554,89.9607158446,10.0392841554,89.9607158446,10.0392841554,10.0392841554,89.9607158446,10.3011785247,89.9607158446,10.0392841554,36.9707551288,10.2138804016,10.0392841554,10.0392841554,10.0392841554,89.9607158446,89.9607158446,10.0392841554,10.0392841554,10.0392841554,10.0392841554,10.0392841554,89.9607158446,89.9607158446,89.9607158446,89.9607158446,89.9607158446,10.0392841554,10.0392841554,10.0392841554,10.0392841554,10.0392841554,89.9607158446,92.0122217372,10.0392841554,89.9607158446,95.19860323,10.0392841554,90.1353120908,10.0392841554,89.9607158446,10.0392841554,10.0392841554,89.9607158446,89.9607158446,89.9607158446,10.6067219555,89.9607158446,10.0392841554,89.9607158446
32,9.9519860323,9.9519860323,9.9519860323,90.0480139677,9.9519860323,90.0480139677,9.9519860323,90.0480139677,9.9519860323,9.9519860323,90.0480139677,10.4321257093,90.0480139677,9.9519860323,32.7804452204,10.3448275862,9.9519860323,9.9519860323,9.9519860323,90.0480139677,90.0480139677,9.9519860323,9.9519860323,9.9519860323,9.9519860323,9.9519860323,90.0480139677,90.0480139677,90.0480139677,90.0480139677,90.0480139677,9.9519860323,9.9519860323,9.9519860323,9.9519860323,9.9519860323,90.0480139677,93.1034482759,9.9519860323,90.0480139677,94.2819729376,9.9519860323,90.1353120908,9.9519860323,90.0480139677,9.9519860323,9.9519860323,90.0480139677,90.0480139677,90.0480139677,10.9122653863,90.0480139677,9.9519860323,90.0480139677
33,12.1780881711,19.6420776953,13.0947184636,90.0043649062,11.3051069402,86.9925796595,17.5905718027,90.0043649062,20.1222173723,11.4797031864,90.0043649062,30.5543430816,90.0043649062,12.7891750327,44.7839371454,29.94325622,14.6224356176,12.0471409865,12.7018769096,90.0043649062,90.0043649062,17.1977302488,23.0030554343,20.0785683108,16.9358358795,13.2693147097,90.0043649062,90.0043649062,90.0043649062,90.0043649062,89.9170667831,12.7455259712,15.931907464,11.3487560017,13.6621562636,14.2732431253,84.5918812746,78.6119598429,11.8288956787,88.2584024443,79.0920995199,21.4316892187,85.6394587516,11.8725447403,90.0043649062,11.5233522479,15.5390659101,90.0043649062,90.0043649062,90.0043649062,30.7289393278,90.0043649062,24.3125272807,90.0043649062
34,10.2138804016,14.8406809254,10.3011785247,90.0043649062,9.99563509385,88.5202968136,12.9637712789,90.0043649062,15.3644696639,10.0392841554,90.0043649062,22.5229157573,90.0043649062,10.2575294631,39.6769969446,21.8681798341,10.8249672632,10.0829332169,10.2138804016,90.0043649062,90.0043649062,12.2653862942,17.4596246181,14.9279790485,12.090790048,10.3884766478,90.0043649062,90.0043649062,90.0043649062,90.0043649062,90.0043649062,10.2138804016,11.4797031864,9.99563509385,10.4757747708,10.5630728939,85.9013531209,80.2706241816,10.0392841554,89.5242252292,80.6198166739,16.2374508948,85.0720209515,10.2138804016,90.0043649062,9.99563509385,11.2178088171,90.0043649062,90.0043649062,90.0043649062,22.4356176342,90.0043649062,18.0707114797,90.0043649062
35,10.0392841554,10.0392841554,10.0392841554,89.9607158446,10.0392841554,89.9607158446,10.0392841554,89.9607158446,10.0392841554,10.0392841554,89.9607158446,10.9122653863,89.9607158446,10.0392841554,32.0820602357,11.1741597556,10.0392841554,10.0392841554,10.0392841554,89.9607158446,89.9607158446,10.0392841554,10.0392841554,10.0392841554,10.0392841554,10.0392841554,89.9607158446,89.9607158446,89.9607158446,89.9607158446,89.9607158446,10.0392841554,10.0392841554,10.0392841554,10.0392841554,10.0392841554,90.0480139677,92.7542557835,10.0392841554,89.9607158446,92.7542557835,10.0392841554,91.4884329987,10.0392841554,89.9607158446,10.0392841554,10.0392841554,89.9607158446,89.9607158446,89.9607158446,11.6542994326,89.9607158446,10.0392841554,89.9607158446
36,9.99563509385,9.99563509385,9.99563509385,90.0043649062,9.99563509385,90.0043649062,9.99563509385,90.0043649062,9.99563509385,9.99563509385,90.0043649062,10.3448275862,90.0043649062,9.99563509385,30.1615015277,10.2575294631,9.99563509385,9.99563509385,9.99563509385,90.0043649062,90.0043649062,9.99563509385,9.99563509385,9.99563509385,9.99563509385,9.99563509385,90.0043649062,90.0043649062,90.0043649062,90.0043649062,90.0043649062,9.99563509385,9.99563509385,9.99563509385,9.99563509385,9.99563509385,90.0043649062,93.758184199,9.99563509385,90.0043649062,94.5002182453,9.99563509385,90.5718027062,9.99563509385,90.0043649062,9.99563509385,9.99563509385,90.0043649062,90.0043649062,90.0043649062,10.7376691401,90.0043649062,9.99563509385,90.0043649062
37,9.99563509385,9.99563509385,9.99563509385,90.0043649062,9.99563509385,90.0043649062,9.99563509385,90.0043649062,9.99563509385,9.99563509385,90.0043649062,10.3448275862,90.0043649062,9.99563509385,29.1575731122,10.3011785247,9.99563509385,9.99563509385,9.99563509385,90.0043649062,90.0043649062,9.99563509385,9.99563509385,9.99563509385,9.99563509385,9.99563509385,90.0043649062,90.0043649062,90.0043649062,90.0043649062,90.0043649062,9.99563509385,9.99563509385,9.99563509385,9.99563509385,9.99563509385,90.0916630292,93.4526407682,9.99563509385,90.0043649062,93.6708860759,9.99563509385,91.7066783064,9.99563509385,90.0043649062,9.99563509385,9.99563509385,90.0043649062,90.0043649062,90.0043649062,10.7813182017,90.0043649062,9.99563509385,90.0043649062
38,6.32911392405,6.32911392405,6.32911392405,93.6708860759,6.32911392405,93.6708860759,6.32911392405,93.6708860759,6.32911392405,6.32911392405,93.6708860759,6.32911392405,93.6708860759,6.32911392405,7.11479703186,6.32911392405,6.32911392405,6.32911392405,6.32911392405,93.6708860759,93.6708860759,6.32911392405,6.32911392405,6.32911392405,6.32911392405,6.32911392405,93.6708860759,93.6708860759,93.6708860759,93.6708860759,93.6708860759,6.32911392405,6.32911392405,6.32911392405,6.32911392405,6.32911392405,93.6708860759,93.6708860759,6.32911392405,93.6708860759,93.6708860759,6.32911392405,93.6708860759,6.32911392405,93.6708860759,6.32911392405,6.32911392405,93.6708860759,93.6708860759,93.6708860759,6.32911392405,93.6708860759,6.32911392405,93.6708860759
